<?xml version="1.0" encoding="UTF-8"?>
<project-private xmlns="http://www.netbeans.org/ns/project-private/1">
    <editor-bookmarks xmlns="http://www.netbeans.org/ns/editor-bookmarks/2" lastBookmarkId="0"/>
    <open-files xmlns="http://www.netbeans.org/ns/projectui-open-files/2">
        <group>
            <file>file:/C:/Users/salaz/Downloads/proyecto_restaurante_reserva/src/data/DataRepository.java</file>
            <file>file:/C:/Users/salaz/Downloads/proyecto_restaurante_reserva/src/data/UserRepository.java</file>
            <file>file:/C:/Users/salaz/Downloads/proyecto_restaurante_reserva/src/modelo/Reserva.java</file>
            <file>file:/C:/Users/salaz/Downloads/proyecto_restaurante_reserva/src/modelo/Promocion.java</file>
            <file>file:/C:/Users/salaz/Downloads/proyecto_restaurante_reserva/src/util/testConexion.java</file>
            <file>file:/C:/Users/salaz/Downloads/proyecto_restaurante_reserva/src/vista/InicioCliente.java</file>
            <file>file:/C:/Users/salaz/Downloads/proyecto_restaurante_reserva/src/view/ImagePanel.java</file>
            <file>file:/C:/Users/salaz/Downloads/proyecto_restaurante_reserva/src/view/ComicPromoLabel.java</file>
            <file>file:/C:/Users/salaz/Downloads/proyecto_restaurante_reserva/src/util/ConexionSQL.java</file>
            <file>file:/C:/Users/salaz/Downloads/proyecto_restaurante_reserva/src/vista/Principal.java</file>
        </group>
    </open-files>
</project-private>
